# SYNTHETIC rehearsal fixture for the live demo: generated by fixtures/build_live_demo_hr.py (standing 2 min ~82 bpm, 40 s ramp to ~162 bpm, 4 min jumping jacks; noise SD 2.0, seed 11). Not measured data.
ts,athlete_id,hr_bpm,device,replay,synthetic,rr_ms,sensor_contact
2026-10-04T12:15:00-04:00,live1,80,synthetic rehearsal,true,true,,true
2026-10-04T12:15:01-04:00,live1,83,synthetic rehearsal,true,true,,true
2026-10-04T12:15:02-04:00,live1,84,synthetic rehearsal,true,true,,true
2026-10-04T12:15:03-04:00,live1,81,synthetic rehearsal,true,true,,true
2026-10-04T12:15:04-04:00,live1,79,synthetic rehearsal,true,true,,true
2026-10-04T12:15:05-04:00,live1,82,synthetic rehearsal,true,true,,true
2026-10-04T12:15:06-04:00,live1,83,synthetic rehearsal,true,true,,true
2026-10-04T12:15:07-04:00,live1,84,synthetic rehearsal,true,true,,true
2026-10-04T12:15:08-04:00,live1,80,synthetic rehearsal,true,true,,true
2026-10-04T12:15:09-04:00,live1,79,synthetic rehearsal,true,true,,true
2026-10-04T12:15:10-04:00,live1,83,synthetic rehearsal,true,true,,true
2026-10-04T12:15:11-04:00,live1,83,synthetic rehearsal,true,true,,true
2026-10-04T12:15:12-04:00,live1,85,synthetic rehearsal,true,true,,true
2026-10-04T12:15:13-04:00,live1,84,synthetic rehearsal,true,true,,true
2026-10-04T12:15:14-04:00,live1,82,synthetic rehearsal,true,true,,true
2026-10-04T12:15:15-04:00,live1,81,synthetic rehearsal,true,true,,true
2026-10-04T12:15:16-04:00,live1,87,synthetic rehearsal,true,true,,true
2026-10-04T12:15:17-04:00,live1,81,synthetic rehearsal,true,true,,true
2026-10-04T12:15:18-04:00,live1,80,synthetic rehearsal,true,true,,true
2026-10-04T12:15:19-04:00,live1,80,synthetic rehearsal,true,true,,true
2026-10-04T12:15:20-04:00,live1,82,synthetic rehearsal,true,true,,true
2026-10-04T12:15:21-04:00,live1,82,synthetic rehearsal,true,true,,true
2026-10-04T12:15:22-04:00,live1,81,synthetic rehearsal,true,true,,true
2026-10-04T12:15:23-04:00,live1,82,synthetic rehearsal,true,true,,true
2026-10-04T12:15:24-04:00,live1,83,synthetic rehearsal,true,true,,true
2026-10-04T12:15:25-04:00,live1,83,synthetic rehearsal,true,true,,true
2026-10-04T12:15:26-04:00,live1,84,synthetic rehearsal,true,true,,true
2026-10-04T12:15:27-04:00,live1,82,synthetic rehearsal,true,true,,true
2026-10-04T12:15:28-04:00,live1,78,synthetic rehearsal,true,true,,true
2026-10-04T12:15:29-04:00,live1,83,synthetic rehearsal,true,true,,true
2026-10-04T12:15:30-04:00,live1,79,synthetic rehearsal,true,true,,true
2026-10-04T12:15:31-04:00,live1,82,synthetic rehearsal,true,true,,true
2026-10-04T12:15:32-04:00,live1,79,synthetic rehearsal,true,true,,true
2026-10-04T12:15:33-04:00,live1,82,synthetic rehearsal,true,true,,true
2026-10-04T12:15:34-04:00,live1,80,synthetic rehearsal,true,true,,true
2026-10-04T12:15:35-04:00,live1,82,synthetic rehearsal,true,true,,true
2026-10-04T12:15:36-04:00,live1,89,synthetic rehearsal,true,true,,true
2026-10-04T12:15:37-04:00,live1,82,synthetic rehearsal,true,true,,true
2026-10-04T12:15:38-04:00,live1,84,synthetic rehearsal,true,true,,true
2026-10-04T12:15:39-04:00,live1,79,synthetic rehearsal,true,true,,true
2026-10-04T12:15:40-04:00,live1,81,synthetic rehearsal,true,true,,true
2026-10-04T12:15:41-04:00,live1,83,synthetic rehearsal,true,true,,true
2026-10-04T12:15:42-04:00,live1,82,synthetic rehearsal,true,true,,true
2026-10-04T12:15:43-04:00,live1,83,synthetic rehearsal,true,true,,true
2026-10-04T12:15:44-04:00,live1,82,synthetic rehearsal,true,true,,true
2026-10-04T12:15:45-04:00,live1,80,synthetic rehearsal,true,true,,true
2026-10-04T12:15:46-04:00,live1,83,synthetic rehearsal,true,true,,true
2026-10-04T12:15:47-04:00,live1,80,synthetic rehearsal,true,true,,true
2026-10-04T12:15:48-04:00,live1,86,synthetic rehearsal,true,true,,true
2026-10-04T12:15:49-04:00,live1,81,synthetic rehearsal,true,true,,true
2026-10-04T12:15:50-04:00,live1,83,synthetic rehearsal,true,true,,true
2026-10-04T12:15:51-04:00,live1,82,synthetic rehearsal,true,true,,true
2026-10-04T12:15:52-04:00,live1,84,synthetic rehearsal,true,true,,true
2026-10-04T12:15:53-04:00,live1,81,synthetic rehearsal,true,true,,true
2026-10-04T12:15:54-04:00,live1,84,synthetic rehearsal,true,true,,true
2026-10-04T12:15:55-04:00,live1,82,synthetic rehearsal,true,true,,true
2026-10-04T12:15:56-04:00,live1,85,synthetic rehearsal,true,true,,true
2026-10-04T12:15:57-04:00,live1,83,synthetic rehearsal,true,true,,true
2026-10-04T12:15:58-04:00,live1,82,synthetic rehearsal,true,true,,true
2026-10-04T12:15:59-04:00,live1,80,synthetic rehearsal,true,true,,true
2026-10-04T12:16:00-04:00,live1,84,synthetic rehearsal,true,true,,true
2026-10-04T12:16:01-04:00,live1,83,synthetic rehearsal,true,true,,true
2026-10-04T12:16:02-04:00,live1,85,synthetic rehearsal,true,true,,true
2026-10-04T12:16:03-04:00,live1,81,synthetic rehearsal,true,true,,true
2026-10-04T12:16:04-04:00,live1,83,synthetic rehearsal,true,true,,true
2026-10-04T12:16:05-04:00,live1,83,synthetic rehearsal,true,true,,true
2026-10-04T12:16:06-04:00,live1,83,synthetic rehearsal,true,true,,true
2026-10-04T12:16:07-04:00,live1,82,synthetic rehearsal,true,true,,true
2026-10-04T12:16:08-04:00,live1,82,synthetic rehearsal,true,true,,true
2026-10-04T12:16:09-04:00,live1,81,synthetic rehearsal,true,true,,true
2026-10-04T12:16:10-04:00,live1,80,synthetic rehearsal,true,true,,true
2026-10-04T12:16:11-04:00,live1,81,synthetic rehearsal,true,true,,true
2026-10-04T12:16:12-04:00,live1,83,synthetic rehearsal,true,true,,true
2026-10-04T12:16:13-04:00,live1,85,synthetic rehearsal,true,true,,true
2026-10-04T12:16:14-04:00,live1,84,synthetic rehearsal,true,true,,true
2026-10-04T12:16:15-04:00,live1,84,synthetic rehearsal,true,true,,true
2026-10-04T12:16:16-04:00,live1,84,synthetic rehearsal,true,true,,true
2026-10-04T12:16:17-04:00,live1,83,synthetic rehearsal,true,true,,true
2026-10-04T12:16:18-04:00,live1,82,synthetic rehearsal,true,true,,true
2026-10-04T12:16:19-04:00,live1,84,synthetic rehearsal,true,true,,true
2026-10-04T12:16:20-04:00,live1,86,synthetic rehearsal,true,true,,true
2026-10-04T12:16:21-04:00,live1,81,synthetic rehearsal,true,true,,true
2026-10-04T12:16:22-04:00,live1,81,synthetic rehearsal,true,true,,true
2026-10-04T12:16:23-04:00,live1,86,synthetic rehearsal,true,true,,true
2026-10-04T12:16:24-04:00,live1,82,synthetic rehearsal,true,true,,true
2026-10-04T12:16:25-04:00,live1,84,synthetic rehearsal,true,true,,true
2026-10-04T12:16:26-04:00,live1,84,synthetic rehearsal,true,true,,true
2026-10-04T12:16:27-04:00,live1,80,synthetic rehearsal,true,true,,true
2026-10-04T12:16:28-04:00,live1,87,synthetic rehearsal,true,true,,true
2026-10-04T12:16:29-04:00,live1,86,synthetic rehearsal,true,true,,true
2026-10-04T12:16:30-04:00,live1,82,synthetic rehearsal,true,true,,true
2026-10-04T12:16:31-04:00,live1,84,synthetic rehearsal,true,true,,true
2026-10-04T12:16:32-04:00,live1,82,synthetic rehearsal,true,true,,true
2026-10-04T12:16:33-04:00,live1,80,synthetic rehearsal,true,true,,true
2026-10-04T12:16:34-04:00,live1,82,synthetic rehearsal,true,true,,true
2026-10-04T12:16:35-04:00,live1,83,synthetic rehearsal,true,true,,true
2026-10-04T12:16:36-04:00,live1,84,synthetic rehearsal,true,true,,true
2026-10-04T12:16:37-04:00,live1,83,synthetic rehearsal,true,true,,true
2026-10-04T12:16:38-04:00,live1,82,synthetic rehearsal,true,true,,true
2026-10-04T12:16:39-04:00,live1,85,synthetic rehearsal,true,true,,true
2026-10-04T12:16:40-04:00,live1,80,synthetic rehearsal,true,true,,true
2026-10-04T12:16:41-04:00,live1,84,synthetic rehearsal,true,true,,true
2026-10-04T12:16:42-04:00,live1,84,synthetic rehearsal,true,true,,true
2026-10-04T12:16:43-04:00,live1,81,synthetic rehearsal,true,true,,true
2026-10-04T12:16:44-04:00,live1,78,synthetic rehearsal,true,true,,true
2026-10-04T12:16:45-04:00,live1,80,synthetic rehearsal,true,true,,true
2026-10-04T12:16:46-04:00,live1,82,synthetic rehearsal,true,true,,true
2026-10-04T12:16:47-04:00,live1,83,synthetic rehearsal,true,true,,true
2026-10-04T12:16:48-04:00,live1,85,synthetic rehearsal,true,true,,true
2026-10-04T12:16:49-04:00,live1,80,synthetic rehearsal,true,true,,true
2026-10-04T12:16:50-04:00,live1,82,synthetic rehearsal,true,true,,true
2026-10-04T12:16:51-04:00,live1,83,synthetic rehearsal,true,true,,true
2026-10-04T12:16:52-04:00,live1,82,synthetic rehearsal,true,true,,true
2026-10-04T12:16:53-04:00,live1,77,synthetic rehearsal,true,true,,true
2026-10-04T12:16:54-04:00,live1,84,synthetic rehearsal,true,true,,true
2026-10-04T12:16:55-04:00,live1,87,synthetic rehearsal,true,true,,true
2026-10-04T12:16:56-04:00,live1,84,synthetic rehearsal,true,true,,true
2026-10-04T12:16:57-04:00,live1,80,synthetic rehearsal,true,true,,true
2026-10-04T12:16:58-04:00,live1,81,synthetic rehearsal,true,true,,true
2026-10-04T12:16:59-04:00,live1,82,synthetic rehearsal,true,true,,true
2026-10-04T12:17:00-04:00,live1,87,synthetic rehearsal,true,true,,true
2026-10-04T12:17:01-04:00,live1,85,synthetic rehearsal,true,true,,true
2026-10-04T12:17:02-04:00,live1,86,synthetic rehearsal,true,true,,true
2026-10-04T12:17:03-04:00,live1,91,synthetic rehearsal,true,true,,true
2026-10-04T12:17:04-04:00,live1,90,synthetic rehearsal,true,true,,true
2026-10-04T12:17:05-04:00,live1,96,synthetic rehearsal,true,true,,true
2026-10-04T12:17:06-04:00,live1,93,synthetic rehearsal,true,true,,true
2026-10-04T12:17:07-04:00,live1,95,synthetic rehearsal,true,true,,true
2026-10-04T12:17:08-04:00,live1,100,synthetic rehearsal,true,true,,true
2026-10-04T12:17:09-04:00,live1,103,synthetic rehearsal,true,true,,true
2026-10-04T12:17:10-04:00,live1,104,synthetic rehearsal,true,true,,true
2026-10-04T12:17:11-04:00,live1,105,synthetic rehearsal,true,true,,true
2026-10-04T12:17:12-04:00,live1,103,synthetic rehearsal,true,true,,true
2026-10-04T12:17:13-04:00,live1,107,synthetic rehearsal,true,true,,true
2026-10-04T12:17:14-04:00,live1,109,synthetic rehearsal,true,true,,true
2026-10-04T12:17:15-04:00,live1,112,synthetic rehearsal,true,true,,true
2026-10-04T12:17:16-04:00,live1,116,synthetic rehearsal,true,true,,true
2026-10-04T12:17:17-04:00,live1,116,synthetic rehearsal,true,true,,true
2026-10-04T12:17:18-04:00,live1,120,synthetic rehearsal,true,true,,true
2026-10-04T12:17:19-04:00,live1,121,synthetic rehearsal,true,true,,true
2026-10-04T12:17:20-04:00,live1,122,synthetic rehearsal,true,true,,true
2026-10-04T12:17:21-04:00,live1,125,synthetic rehearsal,true,true,,true
2026-10-04T12:17:22-04:00,live1,128,synthetic rehearsal,true,true,,true
2026-10-04T12:17:23-04:00,live1,131,synthetic rehearsal,true,true,,true
2026-10-04T12:17:24-04:00,live1,130,synthetic rehearsal,true,true,,true
2026-10-04T12:17:25-04:00,live1,133,synthetic rehearsal,true,true,,true
2026-10-04T12:17:26-04:00,live1,133,synthetic rehearsal,true,true,,true
2026-10-04T12:17:27-04:00,live1,141,synthetic rehearsal,true,true,,true
2026-10-04T12:17:28-04:00,live1,142,synthetic rehearsal,true,true,,true
2026-10-04T12:17:29-04:00,live1,141,synthetic rehearsal,true,true,,true
2026-10-04T12:17:30-04:00,live1,143,synthetic rehearsal,true,true,,true
2026-10-04T12:17:31-04:00,live1,143,synthetic rehearsal,true,true,,true
2026-10-04T12:17:32-04:00,live1,148,synthetic rehearsal,true,true,,true
2026-10-04T12:17:33-04:00,live1,150,synthetic rehearsal,true,true,,true
2026-10-04T12:17:34-04:00,live1,156,synthetic rehearsal,true,true,,true
2026-10-04T12:17:35-04:00,live1,154,synthetic rehearsal,true,true,,true
2026-10-04T12:17:36-04:00,live1,154,synthetic rehearsal,true,true,,true
2026-10-04T12:17:37-04:00,live1,153,synthetic rehearsal,true,true,,true
2026-10-04T12:17:38-04:00,live1,163,synthetic rehearsal,true,true,,true
2026-10-04T12:17:39-04:00,live1,162,synthetic rehearsal,true,true,,true
2026-10-04T12:17:40-04:00,live1,159,synthetic rehearsal,true,true,,true
2026-10-04T12:17:41-04:00,live1,162,synthetic rehearsal,true,true,,true
2026-10-04T12:17:42-04:00,live1,159,synthetic rehearsal,true,true,,true
2026-10-04T12:17:43-04:00,live1,169,synthetic rehearsal,true,true,,true
2026-10-04T12:17:44-04:00,live1,164,synthetic rehearsal,true,true,,true
2026-10-04T12:17:45-04:00,live1,163,synthetic rehearsal,true,true,,true
2026-10-04T12:17:46-04:00,live1,162,synthetic rehearsal,true,true,,true
2026-10-04T12:17:47-04:00,live1,158,synthetic rehearsal,true,true,,true
2026-10-04T12:17:48-04:00,live1,162,synthetic rehearsal,true,true,,true
2026-10-04T12:17:49-04:00,live1,159,synthetic rehearsal,true,true,,true
2026-10-04T12:17:50-04:00,live1,163,synthetic rehearsal,true,true,,true
2026-10-04T12:17:51-04:00,live1,158,synthetic rehearsal,true,true,,true
2026-10-04T12:17:52-04:00,live1,160,synthetic rehearsal,true,true,,true
2026-10-04T12:17:53-04:00,live1,165,synthetic rehearsal,true,true,,true
2026-10-04T12:17:54-04:00,live1,166,synthetic rehearsal,true,true,,true
2026-10-04T12:17:55-04:00,live1,160,synthetic rehearsal,true,true,,true
2026-10-04T12:17:56-04:00,live1,159,synthetic rehearsal,true,true,,true
2026-10-04T12:17:57-04:00,live1,164,synthetic rehearsal,true,true,,true
2026-10-04T12:17:58-04:00,live1,164,synthetic rehearsal,true,true,,true
2026-10-04T12:17:59-04:00,live1,160,synthetic rehearsal,true,true,,true
2026-10-04T12:18:00-04:00,live1,161,synthetic rehearsal,true,true,,true
2026-10-04T12:18:01-04:00,live1,161,synthetic rehearsal,true,true,,true
2026-10-04T12:18:02-04:00,live1,160,synthetic rehearsal,true,true,,true
2026-10-04T12:18:03-04:00,live1,161,synthetic rehearsal,true,true,,true
2026-10-04T12:18:04-04:00,live1,165,synthetic rehearsal,true,true,,true
2026-10-04T12:18:05-04:00,live1,164,synthetic rehearsal,true,true,,true
2026-10-04T12:18:06-04:00,live1,167,synthetic rehearsal,true,true,,true
2026-10-04T12:18:07-04:00,live1,162,synthetic rehearsal,true,true,,true
2026-10-04T12:18:08-04:00,live1,162,synthetic rehearsal,true,true,,true
2026-10-04T12:18:09-04:00,live1,161,synthetic rehearsal,true,true,,true
2026-10-04T12:18:10-04:00,live1,162,synthetic rehearsal,true,true,,true
2026-10-04T12:18:11-04:00,live1,160,synthetic rehearsal,true,true,,true
2026-10-04T12:18:12-04:00,live1,159,synthetic rehearsal,true,true,,true
2026-10-04T12:18:13-04:00,live1,164,synthetic rehearsal,true,true,,true
2026-10-04T12:18:14-04:00,live1,165,synthetic rehearsal,true,true,,true
2026-10-04T12:18:15-04:00,live1,164,synthetic rehearsal,true,true,,true
2026-10-04T12:18:16-04:00,live1,165,synthetic rehearsal,true,true,,true
2026-10-04T12:18:17-04:00,live1,163,synthetic rehearsal,true,true,,true
2026-10-04T12:18:18-04:00,live1,161,synthetic rehearsal,true,true,,true
2026-10-04T12:18:19-04:00,live1,163,synthetic rehearsal,true,true,,true
2026-10-04T12:18:20-04:00,live1,162,synthetic rehearsal,true,true,,true
2026-10-04T12:18:21-04:00,live1,160,synthetic rehearsal,true,true,,true
2026-10-04T12:18:22-04:00,live1,159,synthetic rehearsal,true,true,,true
2026-10-04T12:18:23-04:00,live1,160,synthetic rehearsal,true,true,,true
2026-10-04T12:18:24-04:00,live1,163,synthetic rehearsal,true,true,,true
2026-10-04T12:18:25-04:00,live1,163,synthetic rehearsal,true,true,,true
2026-10-04T12:18:26-04:00,live1,162,synthetic rehearsal,true,true,,true
2026-10-04T12:18:27-04:00,live1,166,synthetic rehearsal,true,true,,true
2026-10-04T12:18:28-04:00,live1,163,synthetic rehearsal,true,true,,true
2026-10-04T12:18:29-04:00,live1,164,synthetic rehearsal,true,true,,true
2026-10-04T12:18:30-04:00,live1,165,synthetic rehearsal,true,true,,true
2026-10-04T12:18:31-04:00,live1,161,synthetic rehearsal,true,true,,true
2026-10-04T12:18:32-04:00,live1,159,synthetic rehearsal,true,true,,true
2026-10-04T12:18:33-04:00,live1,164,synthetic rehearsal,true,true,,true
2026-10-04T12:18:34-04:00,live1,162,synthetic rehearsal,true,true,,true
2026-10-04T12:18:35-04:00,live1,166,synthetic rehearsal,true,true,,true
2026-10-04T12:18:36-04:00,live1,164,synthetic rehearsal,true,true,,true
2026-10-04T12:18:37-04:00,live1,165,synthetic rehearsal,true,true,,true
2026-10-04T12:18:38-04:00,live1,164,synthetic rehearsal,true,true,,true
2026-10-04T12:18:39-04:00,live1,159,synthetic rehearsal,true,true,,true
2026-10-04T12:18:40-04:00,live1,164,synthetic rehearsal,true,true,,true
2026-10-04T12:18:41-04:00,live1,162,synthetic rehearsal,true,true,,true
2026-10-04T12:18:42-04:00,live1,162,synthetic rehearsal,true,true,,true
2026-10-04T12:18:43-04:00,live1,162,synthetic rehearsal,true,true,,true
2026-10-04T12:18:44-04:00,live1,165,synthetic rehearsal,true,true,,true
2026-10-04T12:18:45-04:00,live1,165,synthetic rehearsal,true,true,,true
2026-10-04T12:18:46-04:00,live1,165,synthetic rehearsal,true,true,,true
2026-10-04T12:18:47-04:00,live1,160,synthetic rehearsal,true,true,,true
2026-10-04T12:18:48-04:00,live1,162,synthetic rehearsal,true,true,,true
2026-10-04T12:18:49-04:00,live1,158,synthetic rehearsal,true,true,,true
2026-10-04T12:18:50-04:00,live1,163,synthetic rehearsal,true,true,,true
2026-10-04T12:18:51-04:00,live1,164,synthetic rehearsal,true,true,,true
2026-10-04T12:18:52-04:00,live1,162,synthetic rehearsal,true,true,,true
2026-10-04T12:18:53-04:00,live1,164,synthetic rehearsal,true,true,,true
2026-10-04T12:18:54-04:00,live1,164,synthetic rehearsal,true,true,,true
2026-10-04T12:18:55-04:00,live1,165,synthetic rehearsal,true,true,,true
2026-10-04T12:18:56-04:00,live1,162,synthetic rehearsal,true,true,,true
2026-10-04T12:18:57-04:00,live1,162,synthetic rehearsal,true,true,,true
2026-10-04T12:18:58-04:00,live1,162,synthetic rehearsal,true,true,,true
2026-10-04T12:18:59-04:00,live1,167,synthetic rehearsal,true,true,,true
2026-10-04T12:19:00-04:00,live1,166,synthetic rehearsal,true,true,,true
2026-10-04T12:19:01-04:00,live1,163,synthetic rehearsal,true,true,,true
2026-10-04T12:19:02-04:00,live1,164,synthetic rehearsal,true,true,,true
2026-10-04T12:19:03-04:00,live1,164,synthetic rehearsal,true,true,,true
2026-10-04T12:19:04-04:00,live1,164,synthetic rehearsal,true,true,,true
2026-10-04T12:19:05-04:00,live1,163,synthetic rehearsal,true,true,,true
2026-10-04T12:19:06-04:00,live1,163,synthetic rehearsal,true,true,,true
2026-10-04T12:19:07-04:00,live1,161,synthetic rehearsal,true,true,,true
2026-10-04T12:19:08-04:00,live1,162,synthetic rehearsal,true,true,,true
2026-10-04T12:19:09-04:00,live1,167,synthetic rehearsal,true,true,,true
2026-10-04T12:19:10-04:00,live1,165,synthetic rehearsal,true,true,,true
2026-10-04T12:19:11-04:00,live1,164,synthetic rehearsal,true,true,,true
2026-10-04T12:19:12-04:00,live1,163,synthetic rehearsal,true,true,,true
2026-10-04T12:19:13-04:00,live1,164,synthetic rehearsal,true,true,,true
2026-10-04T12:19:14-04:00,live1,164,synthetic rehearsal,true,true,,true
2026-10-04T12:19:15-04:00,live1,162,synthetic rehearsal,true,true,,true
2026-10-04T12:19:16-04:00,live1,164,synthetic rehearsal,true,true,,true
2026-10-04T12:19:17-04:00,live1,164,synthetic rehearsal,true,true,,true
2026-10-04T12:19:18-04:00,live1,162,synthetic rehearsal,true,true,,true
2026-10-04T12:19:19-04:00,live1,162,synthetic rehearsal,true,true,,true
2026-10-04T12:19:20-04:00,live1,162,synthetic rehearsal,true,true,,true
2026-10-04T12:19:21-04:00,live1,162,synthetic rehearsal,true,true,,true
2026-10-04T12:19:22-04:00,live1,165,synthetic rehearsal,true,true,,true
2026-10-04T12:19:23-04:00,live1,159,synthetic rehearsal,true,true,,true
2026-10-04T12:19:24-04:00,live1,163,synthetic rehearsal,true,true,,true
2026-10-04T12:19:25-04:00,live1,163,synthetic rehearsal,true,true,,true
2026-10-04T12:19:26-04:00,live1,163,synthetic rehearsal,true,true,,true
2026-10-04T12:19:27-04:00,live1,164,synthetic rehearsal,true,true,,true
2026-10-04T12:19:28-04:00,live1,166,synthetic rehearsal,true,true,,true
2026-10-04T12:19:29-04:00,live1,164,synthetic rehearsal,true,true,,true
2026-10-04T12:19:30-04:00,live1,164,synthetic rehearsal,true,true,,true
2026-10-04T12:19:31-04:00,live1,163,synthetic rehearsal,true,true,,true
2026-10-04T12:19:32-04:00,live1,164,synthetic rehearsal,true,true,,true
2026-10-04T12:19:33-04:00,live1,166,synthetic rehearsal,true,true,,true
2026-10-04T12:19:34-04:00,live1,163,synthetic rehearsal,true,true,,true
2026-10-04T12:19:35-04:00,live1,162,synthetic rehearsal,true,true,,true
2026-10-04T12:19:36-04:00,live1,161,synthetic rehearsal,true,true,,true
2026-10-04T12:19:37-04:00,live1,162,synthetic rehearsal,true,true,,true
2026-10-04T12:19:38-04:00,live1,161,synthetic rehearsal,true,true,,true
2026-10-04T12:19:39-04:00,live1,166,synthetic rehearsal,true,true,,true
2026-10-04T12:19:40-04:00,live1,165,synthetic rehearsal,true,true,,true
2026-10-04T12:19:41-04:00,live1,164,synthetic rehearsal,true,true,,true
2026-10-04T12:19:42-04:00,live1,167,synthetic rehearsal,true,true,,true
2026-10-04T12:19:43-04:00,live1,163,synthetic rehearsal,true,true,,true
2026-10-04T12:19:44-04:00,live1,166,synthetic rehearsal,true,true,,true
2026-10-04T12:19:45-04:00,live1,166,synthetic rehearsal,true,true,,true
2026-10-04T12:19:46-04:00,live1,161,synthetic rehearsal,true,true,,true
2026-10-04T12:19:47-04:00,live1,161,synthetic rehearsal,true,true,,true
2026-10-04T12:19:48-04:00,live1,162,synthetic rehearsal,true,true,,true
2026-10-04T12:19:49-04:00,live1,166,synthetic rehearsal,true,true,,true
2026-10-04T12:19:50-04:00,live1,167,synthetic rehearsal,true,true,,true
2026-10-04T12:19:51-04:00,live1,162,synthetic rehearsal,true,true,,true
2026-10-04T12:19:52-04:00,live1,166,synthetic rehearsal,true,true,,true
2026-10-04T12:19:53-04:00,live1,163,synthetic rehearsal,true,true,,true
2026-10-04T12:19:54-04:00,live1,163,synthetic rehearsal,true,true,,true
2026-10-04T12:19:55-04:00,live1,163,synthetic rehearsal,true,true,,true
2026-10-04T12:19:56-04:00,live1,164,synthetic rehearsal,true,true,,true
2026-10-04T12:19:57-04:00,live1,161,synthetic rehearsal,true,true,,true
2026-10-04T12:19:58-04:00,live1,162,synthetic rehearsal,true,true,,true
2026-10-04T12:19:59-04:00,live1,162,synthetic rehearsal,true,true,,true
2026-10-04T12:20:00-04:00,live1,165,synthetic rehearsal,true,true,,true
2026-10-04T12:20:01-04:00,live1,169,synthetic rehearsal,true,true,,true
2026-10-04T12:20:02-04:00,live1,170,synthetic rehearsal,true,true,,true
2026-10-04T12:20:03-04:00,live1,164,synthetic rehearsal,true,true,,true
2026-10-04T12:20:04-04:00,live1,161,synthetic rehearsal,true,true,,true
2026-10-04T12:20:05-04:00,live1,164,synthetic rehearsal,true,true,,true
2026-10-04T12:20:06-04:00,live1,163,synthetic rehearsal,true,true,,true
2026-10-04T12:20:07-04:00,live1,168,synthetic rehearsal,true,true,,true
2026-10-04T12:20:08-04:00,live1,166,synthetic rehearsal,true,true,,true
2026-10-04T12:20:09-04:00,live1,163,synthetic rehearsal,true,true,,true
2026-10-04T12:20:10-04:00,live1,166,synthetic rehearsal,true,true,,true
2026-10-04T12:20:11-04:00,live1,166,synthetic rehearsal,true,true,,true
2026-10-04T12:20:12-04:00,live1,161,synthetic rehearsal,true,true,,true
2026-10-04T12:20:13-04:00,live1,163,synthetic rehearsal,true,true,,true
2026-10-04T12:20:14-04:00,live1,164,synthetic rehearsal,true,true,,true
2026-10-04T12:20:15-04:00,live1,165,synthetic rehearsal,true,true,,true
2026-10-04T12:20:16-04:00,live1,165,synthetic rehearsal,true,true,,true
2026-10-04T12:20:17-04:00,live1,164,synthetic rehearsal,true,true,,true
2026-10-04T12:20:18-04:00,live1,165,synthetic rehearsal,true,true,,true
2026-10-04T12:20:19-04:00,live1,163,synthetic rehearsal,true,true,,true
2026-10-04T12:20:20-04:00,live1,163,synthetic rehearsal,true,true,,true
2026-10-04T12:20:21-04:00,live1,168,synthetic rehearsal,true,true,,true
2026-10-04T12:20:22-04:00,live1,165,synthetic rehearsal,true,true,,true
2026-10-04T12:20:23-04:00,live1,166,synthetic rehearsal,true,true,,true
2026-10-04T12:20:24-04:00,live1,162,synthetic rehearsal,true,true,,true
2026-10-04T12:20:25-04:00,live1,164,synthetic rehearsal,true,true,,true
2026-10-04T12:20:26-04:00,live1,166,synthetic rehearsal,true,true,,true
2026-10-04T12:20:27-04:00,live1,162,synthetic rehearsal,true,true,,true
2026-10-04T12:20:28-04:00,live1,167,synthetic rehearsal,true,true,,true
2026-10-04T12:20:29-04:00,live1,164,synthetic rehearsal,true,true,,true
2026-10-04T12:20:30-04:00,live1,166,synthetic rehearsal,true,true,,true
2026-10-04T12:20:31-04:00,live1,165,synthetic rehearsal,true,true,,true
2026-10-04T12:20:32-04:00,live1,165,synthetic rehearsal,true,true,,true
2026-10-04T12:20:33-04:00,live1,167,synthetic rehearsal,true,true,,true
2026-10-04T12:20:34-04:00,live1,164,synthetic rehearsal,true,true,,true
2026-10-04T12:20:35-04:00,live1,168,synthetic rehearsal,true,true,,true
2026-10-04T12:20:36-04:00,live1,163,synthetic rehearsal,true,true,,true
2026-10-04T12:20:37-04:00,live1,163,synthetic rehearsal,true,true,,true
2026-10-04T12:20:38-04:00,live1,166,synthetic rehearsal,true,true,,true
2026-10-04T12:20:39-04:00,live1,163,synthetic rehearsal,true,true,,true
2026-10-04T12:20:40-04:00,live1,164,synthetic rehearsal,true,true,,true
2026-10-04T12:20:41-04:00,live1,167,synthetic rehearsal,true,true,,true
2026-10-04T12:20:42-04:00,live1,167,synthetic rehearsal,true,true,,true
2026-10-04T12:20:43-04:00,live1,162,synthetic rehearsal,true,true,,true
2026-10-04T12:20:44-04:00,live1,166,synthetic rehearsal,true,true,,true
2026-10-04T12:20:45-04:00,live1,169,synthetic rehearsal,true,true,,true
2026-10-04T12:20:46-04:00,live1,168,synthetic rehearsal,true,true,,true
2026-10-04T12:20:47-04:00,live1,165,synthetic rehearsal,true,true,,true
2026-10-04T12:20:48-04:00,live1,164,synthetic rehearsal,true,true,,true
2026-10-04T12:20:49-04:00,live1,165,synthetic rehearsal,true,true,,true
2026-10-04T12:20:50-04:00,live1,163,synthetic rehearsal,true,true,,true
2026-10-04T12:20:51-04:00,live1,165,synthetic rehearsal,true,true,,true
2026-10-04T12:20:52-04:00,live1,165,synthetic rehearsal,true,true,,true
2026-10-04T12:20:53-04:00,live1,165,synthetic rehearsal,true,true,,true
2026-10-04T12:20:54-04:00,live1,168,synthetic rehearsal,true,true,,true
2026-10-04T12:20:55-04:00,live1,165,synthetic rehearsal,true,true,,true
2026-10-04T12:20:56-04:00,live1,162,synthetic rehearsal,true,true,,true
2026-10-04T12:20:57-04:00,live1,167,synthetic rehearsal,true,true,,true
2026-10-04T12:20:58-04:00,live1,163,synthetic rehearsal,true,true,,true
2026-10-04T12:20:59-04:00,live1,164,synthetic rehearsal,true,true,,true
2026-10-04T12:21:00-04:00,live1,165,synthetic rehearsal,true,true,,true
2026-10-04T12:21:01-04:00,live1,165,synthetic rehearsal,true,true,,true
2026-10-04T12:21:02-04:00,live1,163,synthetic rehearsal,true,true,,true
2026-10-04T12:21:03-04:00,live1,165,synthetic rehearsal,true,true,,true
2026-10-04T12:21:04-04:00,live1,170,synthetic rehearsal,true,true,,true
2026-10-04T12:21:05-04:00,live1,164,synthetic rehearsal,true,true,,true
2026-10-04T12:21:06-04:00,live1,165,synthetic rehearsal,true,true,,true
2026-10-04T12:21:07-04:00,live1,168,synthetic rehearsal,true,true,,true
2026-10-04T12:21:08-04:00,live1,167,synthetic rehearsal,true,true,,true
2026-10-04T12:21:09-04:00,live1,167,synthetic rehearsal,true,true,,true
2026-10-04T12:21:10-04:00,live1,167,synthetic rehearsal,true,true,,true
2026-10-04T12:21:11-04:00,live1,162,synthetic rehearsal,true,true,,true
2026-10-04T12:21:12-04:00,live1,164,synthetic rehearsal,true,true,,true
2026-10-04T12:21:13-04:00,live1,166,synthetic rehearsal,true,true,,true
2026-10-04T12:21:14-04:00,live1,167,synthetic rehearsal,true,true,,true
2026-10-04T12:21:15-04:00,live1,168,synthetic rehearsal,true,true,,true
2026-10-04T12:21:16-04:00,live1,167,synthetic rehearsal,true,true,,true
2026-10-04T12:21:17-04:00,live1,165,synthetic rehearsal,true,true,,true
2026-10-04T12:21:18-04:00,live1,166,synthetic rehearsal,true,true,,true
2026-10-04T12:21:19-04:00,live1,165,synthetic rehearsal,true,true,,true
2026-10-04T12:21:20-04:00,live1,166,synthetic rehearsal,true,true,,true
2026-10-04T12:21:21-04:00,live1,167,synthetic rehearsal,true,true,,true
2026-10-04T12:21:22-04:00,live1,165,synthetic rehearsal,true,true,,true
2026-10-04T12:21:23-04:00,live1,164,synthetic rehearsal,true,true,,true
2026-10-04T12:21:24-04:00,live1,164,synthetic rehearsal,true,true,,true
2026-10-04T12:21:25-04:00,live1,168,synthetic rehearsal,true,true,,true
2026-10-04T12:21:26-04:00,live1,168,synthetic rehearsal,true,true,,true
2026-10-04T12:21:27-04:00,live1,168,synthetic rehearsal,true,true,,true
2026-10-04T12:21:28-04:00,live1,168,synthetic rehearsal,true,true,,true
2026-10-04T12:21:29-04:00,live1,167,synthetic rehearsal,true,true,,true
2026-10-04T12:21:30-04:00,live1,166,synthetic rehearsal,true,true,,true
2026-10-04T12:21:31-04:00,live1,167,synthetic rehearsal,true,true,,true
2026-10-04T12:21:32-04:00,live1,164,synthetic rehearsal,true,true,,true
2026-10-04T12:21:33-04:00,live1,165,synthetic rehearsal,true,true,,true
2026-10-04T12:21:34-04:00,live1,164,synthetic rehearsal,true,true,,true
2026-10-04T12:21:35-04:00,live1,167,synthetic rehearsal,true,true,,true
2026-10-04T12:21:36-04:00,live1,165,synthetic rehearsal,true,true,,true
2026-10-04T12:21:37-04:00,live1,166,synthetic rehearsal,true,true,,true
2026-10-04T12:21:38-04:00,live1,167,synthetic rehearsal,true,true,,true
2026-10-04T12:21:39-04:00,live1,169,synthetic rehearsal,true,true,,true
